id,first_name,last_name,email,gender,Departement
1,Ashlen,Balshen,abalshen0@ask.com,Female,Beauty
2,Stafford,McHan,smchan1@moonfruit.com,Male,Shoes
3,Calv,Beeby,cbeeby2@tamu.edu,Bigender,Games
4,Barry,Cordingly,bcordingly3@biglobe.ne.jp,Female,Toys
5,Carlyn,Noblet,cnoblet4@google.com,Female,Electronics
6,Sascha,Hourihane,shourihane5@ycombinator.com,Agender,Movies
7,Rex,Djorvic,rdjorvic6@digg.com,Male,Clothing
8,Fran,Nisius,fnisius7@whitehouse.gov,Female,Grocery
9,Boot,Tattam,btattam8@ted.com,Male,Tools
10,Onfre,Fitzer,ofitzer9@mit.edu,Male,Grocery
11,Aguistin,Camerello,acamerelloa@digg.com,Agender,Industrial
12,Aldis,Bertelsen,abertelsenb@addthis.com,Male,Sports
13,Fred,Burgwyn,fburgwync@patch.com,Male,Jewelry
14,Erika,Todman,etodmand@jalbum.net,Female,Automotive
15,Rosaleen,Sansum,rsansume@msu.edu,Female,Outdoors
16,Shermie,Lensch,slenschf@stumbleupon.com,Male,Outdoors
17,Ari,Skipsey,askipseyg@networksolutions.com,Male,Computers
18,Kerry,Waycot,kwaycoth@goo.ne.jp,Male,Computers
19,Glennis,Joanaud,gjoanaudi@reuters.com,Female,Games
20,Currey,Bonas,cbonasj@qq.com,Male,Garden
21,Terrance,Leroux,tlerouxk@theglobeandmail.com,Male,Grocery
22,Robers,Scarrott,rscarrottl@pcworld.com,Bigender,Baby
23,Ardys,Quesne,aquesnem@e-recht24.de,Female,Home
24,Kennett,Plante,kplanten@ovh.net,Male,Shoes
25,Dulsea,Iowarch,diowarcho@engadget.com,Female,Games
26,Gisella,Colloff,gcolloffp@oracle.com,Female,Automotive
27,Dino,Cottill,dcottillq@berkeley.edu,Male,Movies
28,Griffith,Benham,gbenhamr@archive.org,Male,Shoes
29,Mitzi,O'Moylan,momoylans@jimdo.com,Female,Music
30,Mandel,Face,mfacet@google.nl,Male,Toys
31,Fidela,Semarke,fsemarkeu@miitbeian.gov.cn,Non-binary,Kids
32,Kippar,Cherrison,kcherrisonv@omniture.com,Male,Electronics
33,Nester,Dilke,ndilkew@mail.ru,Male,Toys
34,Abrahan,Yukhov,ayukhovx@ucoz.ru,Male,Beauty
35,Curry,Tweede,ctweedey@cdbaby.com,Male,Books
36,Cordi,Thunder,cthunderz@hhs.gov,Female,Baby
37,Josias,Corre,jcorre10@indiegogo.com,Male,Jewelry
38,Ivette,Skuce,iskuce11@youtu.be,Female,Outdoors
39,Tito,Goldsby,tgoldsby12@reuters.com,Male,Grocery
40,Denver,Plewright,dplewright13@wunderground.com,Genderfluid,Grocery
41,Barbee,Chartman,bchartman14@wufoo.com,Female,Clothing
42,Bond,Culver,bculver15@bigcartel.com,Male,Books
43,Travers,Heinel,theinel16@japanpost.jp,Male,Shoes
44,Friedrick,Bastide,fbastide17@deliciousdays.com,Genderqueer,Toys
45,Kienan,Matson,kmatson18@webeden.co.uk,Male,Health
46,Jermaine,Blodget,jblodget19@theatlantic.com,Female,Tools
47,Gil,Alexander,galexander1a@sohu.com,Male,Computers
48,Tracie,Starling,tstarling1b@ebay.com,Genderqueer,Toys
49,Kayne,Egdell,kegdell1c@time.com,Male,Jewelry
50,Waldo,Antczak,wantczak1d@digg.com,Non-binary,Garden
51,Abagail,Doogood,adoogood1e@lycos.com,Female,Kids
52,Elsey,Treasaden,etreasaden1f@imdb.com,Female,Movies
53,Coleman,Stanislaw,cstanislaw1g@ning.com,Male,Beauty
54,Arabelle,Balmadier,abalmadier1h@discovery.com,Female,Electronics
55,Winnifred,Gaspero,wgaspero1i@indiatimes.com,Female,Automotive
56,Gard,Bettles,gbettles1j@webs.com,Male,Kids
57,Lynnette,Yackiminie,lyackiminie1k@comcast.net,Female,Garden
58,Sosanna,Monelle,smonelle1l@springer.com,Female,Tools
59,Martita,Ruberti,mruberti1m@newsvine.com,Female,Games
60,Ugo,Grooby,ugrooby1n@cisco.com,Male,Computers
61,Jocelyne,Norewood,jnorewood1o@mapquest.com,Female,Music
62,Calypso,Floris,cfloris1p@weebly.com,Female,Baby
63,Donnajean,Wingfield,dwingfield1q@timesonline.co.uk,Female,Books
64,Bob,Slyme,bslyme1r@mashable.com,Male,Sports
65,Bill,Baford,bbaford1s@dyndns.org,Female,Movies
66,Giraldo,Duinkerk,gduinkerk1t@eventbrite.com,Male,Tools
67,Dacia,Cornels,dcornels1u@sciencedirect.com,Female,Home
68,Adan,Fitzsymon,afitzsymon1v@fda.gov,Male,Outdoors
69,Terry,Bigmore,tbigmore1w@clickbank.net,Male,Baby
70,Godart,Fields,gfields1x@wiley.com,Male,Games
71,Irma,Condy,icondy1y@thetimes.co.uk,Female,Clothing
72,Imogene,Jopp,ijopp1z@ucsd.edu,Female,Jewelry
73,Nancee,Littley,nlittley20@sciencedaily.com,Female,Baby
74,Leodora,Stebbings,lstebbings21@weebly.com,Female,Industrial
75,Kelsi,Gunney,kgunney22@about.com,Bigender,Clothing
76,Hannie,Urion,hurion23@blog.com,Female,Industrial
77,Emilia,Haithwaite,ehaithwaite24@gizmodo.com,Female,Computers
78,Gretal,Humblestone,ghumblestone25@apple.com,Bigender,Jewelry
79,Mame,Klimushev,mklimushev26@newyorker.com,Female,Beauty
80,Gregoor,Cyseley,gcyseley27@kickstarter.com,Male,Clothing
81,Creight,Ebanks,cebanks28@wisc.edu,Male,Industrial
82,Cristionna,Jedrzejczak,cjedrzejczak29@deviantart.com,Female,Grocery
83,Teddie,Dahlgren,tdahlgren2a@prweb.com,Male,Movies
84,Cleavland,Trewett,ctrewett2b@goo.ne.jp,Male,Garden
85,Rea,Crathorne,rcrathorne2c@imageshack.us,Female,Computers
86,Hedy,Milborn,hmilborn2d@wikispaces.com,Non-binary,Baby
87,Bernelle,Gimber,bgimber2e@freewebs.com,Female,Industrial
88,Jules,Bariball,jbariball2f@dmoz.org,Male,Beauty
89,Penn,Bannard,pbannard2g@flavors.me,Male,Music
90,Kalina,Phittiplace,kphittiplace2h@ebay.com,Female,Shoes
91,Margie,Circuit,mcircuit2i@tripadvisor.com,Female,Music
92,Juliann,Slixby,jslixby2j@who.int,Female,Grocery
93,Federico,Chessor,fchessor2k@blinklist.com,Male,Games
94,Sadie,Galey,sgaley2l@arizona.edu,Female,Games
95,Beale,Moxham,bmoxham2m@soundcloud.com,Male,Baby
96,Ashlie,Yole,ayole2n@umich.edu,Female,Kids
97,Lefty,Rambaut,lrambaut2o@microsoft.com,Male,Tools
98,Obediah,Husher,ohusher2p@amazon.com,Male,Industrial
99,Ade,Gascoigne,agascoigne2q@photobucket.com,Male,Computers
100,Alexi,Eglington,aeglington2r@google.pl,Female,Electronics
101,Giorgia,Erdely,gerdely2s@tinyurl.com,Female,Jewelry
102,Sondra,Pallister,spallister2t@amazon.co.uk,Female,Tools
103,Ofilia,D'eath,odeath2u@forbes.com,Female,Outdoors
104,Cindee,Sivell,csivell2v@cbsnews.com,Female,Kids
105,Codee,Kellough,ckellough2w@bizjournals.com,Female,Home
106,Harlan,De Clairmont,hdeclairmont2x@pcworld.com,Male,Home
107,Beniamino,Camilleri,bcamilleri2y@wunderground.com,Male,Beauty
108,Marysa,Umbert,mumbert2z@mapquest.com,Female,Grocery
109,Sofia,Stroband,sstroband30@printfriendly.com,Genderqueer,Jewelry
110,Byrom,Hrihorovich,bhrihorovich31@indiatimes.com,Male,Baby
111,Gallagher,Draper,gdraper32@wikipedia.org,Male,Games
112,Aurilia,Marlen,amarlen33@fema.gov,Female,Shoes
113,Pippo,Coster,pcoster34@army.mil,Male,Games
114,Eleen,Greeves,egreeves35@google.de,Bigender,Movies
115,Jillie,Molson,jmolson36@skype.com,Female,Music
116,Elisabet,Mellem,emellem37@jalbum.net,Female,Grocery
117,Penny,Preon,ppreon38@cbslocal.com,Male,Jewelry
118,Stephan,Jackways,sjackways39@cdc.gov,Male,Electronics
119,Sky,Padly,spadly3a@example.com,Male,Industrial
120,Concettina,Bergin,cbergin3b@tinyurl.com,Female,Kids
121,Winne,Cornillot,wcornillot3c@businessweek.com,Female,Books
122,Thomas,Jina,tjina3d@pagesperso-orange.fr,Male,Books
123,Ruggiero,Febvre,rfebvre3e@vkontakte.ru,Non-binary,Games
124,Terrie,Breens,tbreens3f@cafepress.com,Female,Toys
125,Erma,Castree,ecastree3g@livejournal.com,Female,Outdoors
126,Hortense,Don,hdon3h@patch.com,Female,Books
127,Fitzgerald,Meryett,fmeryett3i@springer.com,Male,Electronics
128,Roanne,Oliphant,roliphant3j@webmd.com,Female,Outdoors
129,Alvina,Eriksson,aeriksson3k@phpbb.com,Female,Sports
130,Brewer,Jemmison,bjemmison3l@bluehost.com,Male,Garden
131,Hubert,Peartree,hpeartree3m@uol.com.br,Male,Books
132,Blair,Van De Cappelle,bvandecappelle3n@about.com,Male,Kids
133,Barret,Reynoldson,breynoldson3o@google.co.uk,Male,Grocery
134,Mayor,Batchellor,mbatchellor3p@buzzfeed.com,Male,Music
135,Bernadina,Jillings,bjillings3q@bloglines.com,Female,Beauty
136,Chickie,Gymblett,cgymblett3r@nasa.gov,Male,Garden
137,Fonsie,Allmann,fallmann3s@stanford.edu,Male,Computers
138,Edan,Denzey,edenzey3t@businessweek.com,Male,Health
139,Karina,Dommersen,kdommersen3u@yahoo.co.jp,Genderqueer,Clothing
140,Maribeth,Blitzer,mblitzer3v@pagesperso-orange.fr,Female,Beauty
141,Franklyn,Botterill,fbotterill3w@amazon.co.jp,Male,Kids
142,Arlee,Dmytryk,admytryk3x@usa.gov,Female,Outdoors
143,Fanechka,Chismon,fchismon3y@github.com,Female,Garden
144,Demetre,Stoodale,dstoodale3z@ovh.net,Non-binary,Grocery
145,Georgette,Corrin,gcorrin40@house.gov,Female,Jewelry
146,Dayle,Barnfield,dbarnfield41@example.com,Female,Music
147,Dorita,Rushmere,drushmere42@wisc.edu,Female,Toys
148,Pooh,Matteotti,pmatteotti43@engadget.com,Non-binary,Baby
149,Leah,Hasker,lhasker44@ucoz.com,Female,Garden
150,Ula,Bampton,ubampton45@mit.edu,Female,Games
151,Alwyn,Hackworthy,ahackworthy46@si.edu,Agender,Toys
152,Araldo,Borrie,aborrie47@irs.gov,Male,Books
153,Madonna,Jarrett,mjarrett48@odnoklassniki.ru,Non-binary,Electronics
154,Mikaela,Lockton,mlockton49@dailymail.co.uk,Female,Movies
155,Glenden,Fields,gfields4a@amazon.de,Polygender,Industrial
156,Genna,Udey,gudey4b@lycos.com,Female,Toys
157,Honey,Ackery,hackery4c@google.co.jp,Female,Computers
158,Raimondo,Barnhill,rbarnhill4d@senate.gov,Male,Outdoors
159,Gustav,Biaggelli,gbiaggelli4e@wisc.edu,Male,Kids
160,Gherardo,Bracher,gbracher4f@theglobeandmail.com,Genderfluid,Outdoors
161,Kellia,Bore,kbore4g@gravatar.com,Female,Toys
162,Chev,Oliveira,coliveira4h@desdev.cn,Male,Games
163,Lucien,Ackred,lackred4i@theguardian.com,Male,Garden
164,Blondell,Wooster,bwooster4j@intel.com,Female,Books
165,Sigfried,Tapsfield,stapsfield4k@surveymonkey.com,Male,Grocery
166,Demott,Readhead,dreadhead4l@cdbaby.com,Male,Games
167,Wyatt,Antcliffe,wantcliffe4m@bizjournals.com,Male,Tools
168,Korey,Scrase,kscrase4n@e-recht24.de,Male,Industrial
169,Thorn,Glasscoo,tglasscoo4o@weather.com,Male,Grocery
170,Pedro,Lindborg,plindborg4p@about.me,Male,Electronics
171,Raffarty,Nourse,rnourse4q@symantec.com,Male,Clothing
172,Norrie,Geyton,ngeyton4r@is.gd,Male,Tools
173,Truman,Saterweyte,tsaterweyte4s@fema.gov,Male,Tools
174,Devinne,Petry,dpetry4t@odnoklassniki.ru,Female,Garden
175,Adelle,Epps,aepps4u@eventbrite.com,Non-binary,Books
176,Sydel,Cowing,scowing4v@eventbrite.com,Female,Computers
177,Rudyard,Dreigher,rdreigher4w@photobucket.com,Male,Toys
178,Brynne,Langdridge,blangdridge4x@mysql.com,Female,Shoes
179,Clarke,Laurant,claurant4y@netscape.com,Polygender,Grocery
180,Bernadina,Hurst,bhurst4z@deviantart.com,Female,Toys
181,Ysabel,Sorbey,ysorbey50@craigslist.org,Female,Shoes
182,Susy,Danielsen,sdanielsen51@imageshack.us,Female,Industrial
183,Nicolle,Carine,ncarine52@prweb.com,Female,Books
184,Chuck,Cardow,ccardow53@e-recht24.de,Genderfluid,Outdoors
185,Gratiana,Lansly,glansly54@pinterest.com,Female,Games
186,Foster,Gelderd,fgelderd55@typepad.com,Male,Industrial
187,Suzette,Halfpenny,shalfpenny56@microsoft.com,Female,Industrial
188,Zonda,Lyman,zlyman57@ebay.co.uk,Female,Kids
189,Trudy,Johnston,tjohnston58@google.co.jp,Female,Outdoors
190,Dev,Dillon,ddillon59@e-recht24.de,Male,Baby
191,Cassy,Hance,chance5a@rediff.com,Female,Electronics
192,Minny,Evins,mevins5b@marketwatch.com,Female,Computers
193,Sherrie,Brigstock,sbrigstock5c@dropbox.com,Female,Computers
194,Dickie,Curnick,dcurnick5d@networkadvertising.org,Polygender,Music
195,Ashia,Gothrup,agothrup5e@example.com,Female,Games
196,Bryon,Quantick,bquantick5f@fotki.com,Male,Baby
197,Ezri,Fetherstonhaugh,efetherstonhaugh5g@wsj.com,Bigender,Industrial
198,Sonia,Vevers,svevers5h@blogs.com,Female,Industrial
199,Cloe,Gerauld,cgerauld5i@w3.org,Female,Sports
200,Benedetto,Fludder,bfludder5j@sohu.com,Male,Toys
201,Freemon,Danilishin,fdanilishin5k@studiopress.com,Male,Outdoors
202,Junette,Surmon,jsurmon5l@prnewswire.com,Female,Health
203,Nettle,Naile,nnaile5m@mit.edu,Female,Games
204,Clemente,Caffin,ccaffin5n@jigsy.com,Male,Sports
205,Basilius,Booy,bbooy5o@biblegateway.com,Male,Clothing
206,Mandi,Westraw,mwestraw5p@baidu.com,Female,Health
207,Kimmie,Bilham,kbilham5q@pbs.org,Female,Music
208,Giselbert,Larcombe,glarcombe5r@squidoo.com,Male,Electronics
209,Haskel,Shayler,hshayler5s@hostgator.com,Male,Toys
210,Catha,Frantzen,cfrantzen5t@github.io,Female,Tools
211,Gweneth,De Domenici,gdedomenici5u@ed.gov,Agender,Outdoors
212,Brynn,Reilingen,breilingen5v@t.co,Female,Tools
213,Aland,Neillans,aneillans5w@technorati.com,Male,Games
214,Filia,Caen,fcaen5x@facebook.com,Female,Books
215,Rosalinde,Huckfield,rhuckfield5y@samsung.com,Female,Home
216,Terrance,Reoch,treoch5z@com.com,Male,Sports
217,Chevalier,Beccles,cbeccles60@squarespace.com,Male,Games
218,Wadsworth,Gutridge,wgutridge61@sphinn.com,Male,Music
219,Sidoney,Alasdair,salasdair62@businessinsider.com,Female,Tools
220,Jarrett,Kausche,jkausche63@bravesites.com,Male,Home
221,Ezekiel,Nice,enice64@mapquest.com,Male,Grocery
222,Evie,Zukierman,ezukierman65@taobao.com,Non-binary,Books
223,Pauline,Lauret,plauret66@e-recht24.de,Female,Jewelry
224,Jessa,Sorbie,jsorbie67@youtu.be,Female,Shoes
225,Emlynne,Blackwell,eblackwell68@usda.gov,Female,Baby
226,Daren,Critchell,dcritchell69@answers.com,Male,Books
227,Kimmy,Falk,kfalk6a@home.pl,Female,Computers
228,Twila,Davers,tdavers6b@berkeley.edu,Female,Sports
229,Rhodie,Burr,rburr6c@people.com.cn,Female,Home
230,Raynell,Shelp,rshelp6d@netvibes.com,Female,Movies
231,Genevra,Simonnot,gsimonnot6e@studiopress.com,Female,Industrial
232,Barron,Gladwell,bgladwell6f@jugem.jp,Male,Sports
233,Tandie,Lea,tlea6g@hud.gov,Female,Music
234,Emmerich,Munning,emunning6h@dropbox.com,Male,Books
235,Reba,Sugar,rsugar6i@artisteer.com,Female,Garden
236,Idette,Baudrey,ibaudrey6j@irs.gov,Female,Beauty
237,Jessie,Wooller,jwooller6k@alexa.com,Male,Health
238,Stace,Haet,shaet6l@icq.com,Female,Computers
239,Eada,Geere,egeere6m@networksolutions.com,Female,Beauty
240,Thorstein,Pancoust,tpancoust6n@google.ca,Male,Baby
241,Tannie,Brocking,tbrocking6o@samsung.com,Male,Garden
242,Gabriella,Cuerdall,gcuerdall6p@cam.ac.uk,Female,Grocery
243,Charmaine,Gladdifh,cgladdifh6q@bandcamp.com,Female,Tools
244,Magdalen,Kenworthey,mkenworthey6r@dagondesign.com,Polygender,Music
245,Uriel,Shilliday,ushilliday6s@amazon.de,Male,Automotive
246,Gavrielle,Redan,gredan6t@t-online.de,Female,Home
247,Thedric,Kaming,tkaming6u@shop-pro.jp,Male,Beauty
248,Zollie,Mollin,zmollin6v@fda.gov,Genderfluid,Industrial
249,Wanids,Kegan,wkegan6w@miibeian.gov.cn,Female,Sports
250,Hillier,Pretti,hpretti6x@last.fm,Male,Beauty
251,Nike,Curnnok,ncurnnok6y@linkedin.com,Female,Computers
252,Katharyn,Pastor,kpastor6z@zimbio.com,Female,Computers
253,Lucas,Grattan,lgrattan70@guardian.co.uk,Male,Music
254,Doralin,Mac Giany,dmacgiany71@sphinn.com,Female,Health
255,Danya,Normavell,dnormavell72@theguardian.com,Male,Tools
256,Ewan,Curedell,ecuredell73@weibo.com,Male,Sports
257,Eddi,Deaconson,edeaconson74@amazon.co.uk,Female,Industrial
258,Heindrick,Gorthy,hgorthy75@hatena.ne.jp,Male,Music
259,Mia,Kedie,mkedie76@redcross.org,Female,Books
260,Gustav,Tanfield,gtanfield77@smugmug.com,Male,Automotive
261,Samara,Wellington,swellington78@seattletimes.com,Female,Music
262,Jeramey,Darington,jdarington79@github.com,Male,Health
263,Donal,Marwick,dmarwick7a@woothemes.com,Male,Industrial
264,Mariellen,Ucchino,mucchino7b@slashdot.org,Genderfluid,Movies
265,Adi,Gethen,agethen7c@networksolutions.com,Female,Books
266,Alessandra,Georgeot,ageorgeot7d@ox.ac.uk,Female,Tools
267,Jeffie,Simcock,jsimcock7e@twitter.com,Male,Grocery
268,Harland,Pirkis,hpirkis7f@mtv.com,Male,Sports
269,Yevette,Shegog,yshegog7g@go.com,Female,Books
270,Wallie,Ateridge,wateridge7h@slashdot.org,Male,Shoes
271,Kanya,Palliser,kpalliser7i@gnu.org,Female,Outdoors
272,Ninnette,Antonik,nantonik7j@senate.gov,Agender,Music
273,Meghann,Klaaasen,mklaaasen7k@omniture.com,Female,Kids
274,Eran,Argue,eargue7l@hubpages.com,Agender,Clothing
275,Ursa,Athey,uathey7m@netscape.com,Female,Electronics
276,Christophorus,McKain,cmckain7n@tripod.com,Male,Baby
277,Hannie,Genike,hgenike7o@tiny.cc,Female,Beauty
278,Sebastiano,Decaze,sdecaze7p@jiathis.com,Male,Games
279,Bradly,Docharty,bdocharty7q@newsvine.com,Male,Toys
280,Myranda,Penn,mpenn7r@cornell.edu,Female,Computers
281,Pepi,Lennox,plennox7s@japanpost.jp,Female,Games
282,Tamma,Featherston,tfeatherston7t@washingtonpost.com,Female,Books
283,Arabel,MacCague,amaccague7u@kickstarter.com,Female,Shoes
284,Husain,Jindrak,hjindrak7v@altervista.org,Male,Automotive
285,Maitilde,Grgic,mgrgic7w@artisteer.com,Female,Computers
286,Andres,Rielly,arielly7x@paginegialle.it,Male,Computers
287,Luz,Unwins,lunwins7y@jimdo.com,Female,Home
288,Parke,Bilbrey,pbilbrey7z@wsj.com,Male,Industrial
289,Puff,St. Clair,pstclair80@bbb.org,Male,Music
290,Prentiss,Davitashvili,pdavitashvili81@unc.edu,Male,Kids
291,Simmonds,Duigan,sduigan82@github.io,Male,Grocery
292,Steffi,Priddie,spriddie83@china.com.cn,Female,Sports
293,Reinaldos,Latehouse,rlatehouse84@symantec.com,Male,Sports
294,Davidson,Sallows,dsallows85@wikispaces.com,Male,Grocery
295,Artemus,Lefort,alefort86@mit.edu,Male,Baby
296,Allen,Giordano,agiordano87@aboutads.info,Male,Sports
297,Rowney,Feasley,rfeasley88@discuz.net,Agender,Garden
298,Hilliard,Blofeld,hblofeld89@vinaora.com,Male,Clothing
299,Sal,Benoiton,sbenoiton8a@upenn.edu,Male,Home
300,Geno,Bullus,gbullus8b@narod.ru,Male,Movies
301,Claudine,Pamplin,cpamplin8c@ocn.ne.jp,Female,Baby
302,Bobbie,Pottberry,bpottberry8d@ucla.edu,Female,Tools
303,Diena,Spain,dspain8e@diigo.com,Female,Sports
304,Pierette,Barrett,pbarrett8f@cpanel.net,Genderqueer,Toys
305,Lark,Welch,lwelch8g@house.gov,Female,Home
306,Jobina,Domb,jdomb8h@mysql.com,Female,Jewelry
307,Kala,Munnis,kmunnis8i@nifty.com,Female,Beauty
308,Meaghan,Kilford,mkilford8j@state.gov,Agender,Automotive
309,Neale,Skipsea,nskipsea8k@webeden.co.uk,Male,Outdoors
310,Arvin,Yurkin,ayurkin8l@yolasite.com,Male,Automotive
311,Helsa,Ratcliff,hratcliff8m@uiuc.edu,Female,Jewelry
312,Garald,Shwalbe,gshwalbe8n@chicagotribune.com,Male,Movies
313,Hy,Wescott,hwescott8o@columbia.edu,Male,Clothing
314,Corine,Winwright,cwinwright8p@miibeian.gov.cn,Female,Garden
315,Jerrome,Mousdall,jmousdall8q@engadget.com,Male,Electronics
316,Breena,Stockley,bstockley8r@spiegel.de,Female,Sports
317,Caralie,Ineson,cineson8s@oaic.gov.au,Female,Electronics
318,Erika,Thompstone,ethompstone8t@apple.com,Female,Home
319,Adorne,Huggens,ahuggens8u@businesswire.com,Female,Grocery
320,Tate,Petschel,tpetschel8v@comsenz.com,Male,Music
321,Neille,McKelvie,nmckelvie8w@ezinearticles.com,Female,Home
322,Gustave,Goatman,ggoatman8x@bizjournals.com,Male,Shoes
323,Novelia,Ayree,nayree8y@timesonline.co.uk,Female,Toys
324,Addie,Wimmers,awimmers8z@ask.com,Female,Toys
325,Dean,Wethers,dwethers90@gmpg.org,Male,Kids
326,Nickola,Grabham,ngrabham91@pagesperso-orange.fr,Male,Games
327,Nollie,Spat,nspat92@columbia.edu,Male,Grocery
328,Waylon,Belvard,wbelvard93@wufoo.com,Male,Health
329,Domingo,Tingcomb,dtingcomb94@businessinsider.com,Male,Industrial
330,Tiffanie,Heinel,theinel95@google.com.hk,Female,Grocery
331,Orel,Wakefield,owakefield96@php.net,Female,Games
332,Aylmar,Daintier,adaintier97@parallels.com,Male,Kids
333,Maryjane,Boyles,mboyles98@wunderground.com,Female,Home
334,Enrique,Emnoney,eemnoney99@admin.ch,Male,Books
335,Leonerd,Dobie,ldobie9a@skyrock.com,Male,Tools
336,Samson,Cescon,scescon9b@livejournal.com,Male,Beauty
337,Kile,Darycott,kdarycott9c@biglobe.ne.jp,Male,Shoes
338,Barret,Glayzer,bglayzer9d@oakley.com,Male,Clothing
339,Anne,Jobling,ajobling9e@uiuc.edu,Female,Sports
340,Vallie,Butt,vbutt9f@discuz.net,Female,Kids
341,Randene,Penwright,rpenwright9g@tripadvisor.com,Female,Movies
342,Olva,Bunting,obunting9h@phpbb.com,Bigender,Baby
343,Gretal,Tompkiss,gtompkiss9i@hibu.com,Female,Health
344,Lloyd,Halpeine,lhalpeine9j@dmoz.org,Male,Industrial
345,Hunter,Mustoo,hmustoo9k@sbwire.com,Bigender,Industrial
346,Ekaterina,Twitchings,etwitchings9l@cnn.com,Female,Garden
347,Marlee,Siret,msiret9m@whitehouse.gov,Female,Baby
348,Daphna,Lemerle,dlemerle9n@timesonline.co.uk,Female,Sports
349,Karrah,Hatherleigh,khatherleigh9o@huffingtonpost.com,Female,Industrial
350,Hadrian,Parmenter,hparmenter9p@prlog.org,Male,Industrial
351,Jerry,Rosten,jrosten9q@devhub.com,Female,Grocery
352,Vonni,Briscow,vbriscow9r@over-blog.com,Female,Beauty
353,Jonathon,Marle,jmarle9s@smugmug.com,Male,Movies
354,Marylin,Alldread,malldread9t@ucoz.com,Female,Health
355,Bryn,Denley,bdenley9u@google.com,Female,Games
356,Jessalyn,Castano,jcastano9v@privacy.gov.au,Female,Beauty
357,Conny,Slipper,cslipper9w@ted.com,Male,Garden
358,Lexi,Skeldinge,lskeldinge9x@diigo.com,Genderqueer,Computers
359,Fernandina,Allsup,fallsup9y@prnewswire.com,Female,Books
360,Nelli,Cotesford,ncotesford9z@apache.org,Female,Tools
361,Salomone,Issacoff,sissacoffa0@fotki.com,Male,Computers
362,Kareem,Ceaser,kceasera1@fema.gov,Male,Movies
363,Niki,Mathews,nmathewsa2@cbc.ca,Male,Music
364,Tawsha,Corradini,tcorradinia3@ca.gov,Female,Industrial
365,Hestia,Doxey,hdoxeya4@mashable.com,Female,Industrial
366,Orelee,Gilsthorpe,ogilsthorpea5@msn.com,Female,Tools
367,Cristy,Alvis,calvisa6@gravatar.com,Female,Tools
368,Corney,Hollerin,chollerina7@comsenz.com,Male,Tools
369,Barb,Wreiford,bwreiforda8@miitbeian.gov.cn,Female,Beauty
370,Maud,Tenny,mtennya9@ovh.net,Genderqueer,Industrial
371,Sherwood,Golda,sgoldaaa@miitbeian.gov.cn,Male,Toys
372,Thadeus,Simek,tsimekab@hibu.com,Male,Toys
373,Alonso,Linnemann,alinnemannac@macromedia.com,Male,Beauty
374,Odey,De Blase,odeblasead@hud.gov,Male,Tools
375,Harcourt,Cordeiro,hcordeiroae@shop-pro.jp,Male,Grocery
376,Ben,Keig,bkeigaf@hp.com,Male,Grocery
377,Ruggiero,Titman,rtitmanag@theglobeandmail.com,Male,Kids
378,Carter,Voce,cvoceah@sina.com.cn,Male,Jewelry
379,Bobbee,Caldecutt,bcaldecuttai@earthlink.net,Genderfluid,Music
380,Charo,Atwell,catwellaj@loc.gov,Female,Grocery
381,Arvy,Thunderchief,athunderchiefak@patch.com,Male,Music
382,Garald,Perks,gperksal@jugem.jp,Male,Outdoors
383,Darcy,De Brett,ddebrettam@weebly.com,Male,Grocery
384,Brnaby,Van Daalen,bvandaalenan@google.com.au,Male,Sports
385,Evaleen,Caddan,ecaddanao@scribd.com,Polygender,Music
386,Fin,Heinle,fheinleap@scribd.com,Male,Garden
387,Carson,Rawcliff,crawcliffaq@canalblog.com,Male,Electronics
388,Jane,Shewsmith,jshewsmithar@acquirethisname.com,Female,Music
389,Pyotr,Addess,paddessas@amazonaws.com,Male,Computers
390,Gertrud,Oleszkiewicz,goleszkiewiczat@cloudflare.com,Female,Industrial
391,Dun,Borges,dborgesau@bbc.co.uk,Male,Outdoors
392,Paula,Waddy,pwaddyav@typepad.com,Female,Clothing
393,Chickie,Shepland,csheplandaw@adobe.com,Male,Health
394,Bank,Knight,bknightax@example.com,Male,Baby
395,Halsy,Bampfield,hbampfielday@freewebs.com,Male,Music
396,Wenonah,Paske,wpaskeaz@sina.com.cn,Female,Beauty
397,Jared,Van der Kruys,jvanderkruysb0@archive.org,Male,Clothing
398,Lacie,Plascott,lplascottb1@bigcartel.com,Female,Outdoors
399,Sephira,Danaher,sdanaherb2@arstechnica.com,Female,Movies
400,Valdemar,Notti,vnottib3@aol.com,Male,Health
401,Doria,Strover,dstroverb4@phpbb.com,Female,Computers
402,Aluin,Clucas,aclucasb5@angelfire.com,Male,Electronics
403,Leanora,Overill,loverillb6@samsung.com,Female,Movies
404,Freda,Almeida,falmeidab7@msn.com,Agender,Baby
405,Thurstan,Jeavons,tjeavonsb8@istockphoto.com,Male,Games
406,Jessey,Harrad,jharradb9@auda.org.au,Polygender,Music
407,Addi,Critcher,acritcherba@nbcnews.com,Female,Electronics
408,Elisabeth,Reims,ereimsbb@shinystat.com,Female,Computers
409,Salli,Weyland,sweylandbc@bluehost.com,Genderfluid,Home
410,Ashlie,Dundredge,adundredgebd@springer.com,Female,Automotive
411,Lurline,Dallas,ldallasbe@bigcartel.com,Female,Music
412,Farlee,Robberecht,frobberechtbf@wix.com,Male,Electronics
413,Jonathan,Rowson,jrowsonbg@photobucket.com,Male,Games
414,Spenser,Gotecliffe,sgotecliffebh@livejournal.com,Male,Clothing
415,Yardley,Rimbault,yrimbaultbi@nsw.gov.au,Male,Home
416,Venita,Le Breton De La Vieuville,vlebretondelavieuvillebj@cbc.ca,Female,Automotive
417,Simmonds,Steffens,ssteffensbk@techcrunch.com,Male,Computers
418,Kahlil,Safont,ksafontbl@fc2.com,Male,Automotive
419,Monique,Cobson,mcobsonbm@sbwire.com,Female,Sports
420,Putnam,Paling,ppalingbn@upenn.edu,Male,Games
421,Zulema,Margery,zmargerybo@mit.edu,Female,Industrial
422,Judye,Gerasch,jgeraschbp@hugedomains.com,Female,Outdoors
423,Mayer,Pitrollo,mpitrollobq@w3.org,Male,Jewelry
424,Weston,Batram,wbatrambr@ucoz.com,Male,Books
425,Gerri,Poetz,gpoetzbs@imageshack.us,Male,Games
426,Elliott,Peeke-Vout,epeekevoutbt@phoca.cz,Male,Clothing
427,Dee,Leyban,dleybanbu@nature.com,Non-binary,Health
428,Mora,Bisset,mbissetbv@prweb.com,Genderfluid,Electronics
429,Stevena,Usborn,susbornbw@devhub.com,Female,Books
430,Arte,Bretelle,abretellebx@jimdo.com,Male,Health
431,Agata,Turpie,aturpieby@barnesandnoble.com,Agender,Tools
432,Dewain,Kender,dkenderbz@yahoo.co.jp,Agender,Kids
433,Hatti,Commander,hcommanderc0@deviantart.com,Female,Electronics
434,Iorgos,Franzman,ifranzmanc1@e-recht24.de,Male,Health
435,Briano,Galletly,bgalletlyc2@nasa.gov,Male,Home
436,Stavro,Grimmert,sgrimmertc3@patch.com,Male,Electronics
437,Audi,Jeffels,ajeffelsc4@163.com,Female,Automotive
438,Stephen,Millership,smillershipc5@hugedomains.com,Male,Health
439,Christoffer,Rudolph,crudolphc6@comsenz.com,Male,Industrial
440,Amory,Giffon,agiffonc7@rediff.com,Male,Baby
441,Elli,Glendza,eglendzac8@samsung.com,Agender,Music
442,Menard,Esser,messerc9@hubpages.com,Male,Industrial
443,Yorke,Nijssen,ynijssenca@admin.ch,Male,Jewelry
444,Delora,Huncoot,dhuncootcb@ycombinator.com,Female,Electronics
445,Cord,Fibben,cfibbencc@digg.com,Male,Automotive
446,Sibley,Dowdle,sdowdlecd@biglobe.ne.jp,Agender,Beauty
447,Nikolaus,Parkyns,nparkynsce@reddit.com,Genderqueer,Sports
448,Korie,Woodger,kwoodgercf@vimeo.com,Female,Garden
449,Mead,Towl,mtowlcg@hc360.com,Bigender,Games
450,Nanete,Shiel,nshielch@comsenz.com,Female,Clothing
451,Barnaby,Starbeck,bstarbeckci@arizona.edu,Male,Movies
452,Maxy,Scawen,mscawencj@yellowbook.com,Agender,Movies
453,Leupold,Renhard,lrenhardck@1und1.de,Male,Games
454,Nertie,Springthorpe,nspringthorpecl@usa.gov,Female,Beauty
455,Lindsey,Willcot,lwillcotcm@statcounter.com,Male,Jewelry
456,Silvia,Sherbourne,ssherbournecn@sciencedirect.com,Genderfluid,Automotive
457,Flossy,Scintsbury,fscintsburyco@xrea.com,Female,Electronics
458,Russell,Gotling,rgotlingcp@spotify.com,Male,Shoes
459,Johan,Bellay,jbellaycq@biglobe.ne.jp,Male,Jewelry
460,Lori,Theis,ltheiscr@wiley.com,Female,Toys
461,Mimi,Brickham,mbrickhamcs@nsw.gov.au,Female,Tools
462,Josh,Laste,jlastect@huffingtonpost.com,Male,Computers
463,Charil,Bailey,cbaileycu@wordpress.org,Female,Electronics
464,Quintin,Gouldthorpe,qgouldthorpecv@apache.org,Male,Beauty
465,Vanda,Gebbe,vgebbecw@yelp.com,Female,Toys
466,Web,Dayment,wdaymentcx@themeforest.net,Male,Baby
467,Damien,Fidler,dfidlercy@ox.ac.uk,Male,Automotive
468,Terri,Marty,tmartycz@github.com,Female,Toys
469,Lesley,Farney,lfarneyd0@stanford.edu,Female,Industrial
470,Ezri,MacIver,emaciverd1@elpais.com,Male,Home
471,Willard,Tate,wtated2@tumblr.com,Male,Electronics
472,Roslyn,Lawlor,rlawlord3@indiegogo.com,Female,Jewelry
473,Georgette,Greystock,ggreystockd4@tamu.edu,Polygender,Music
474,Barthel,Allum,ballumd5@vistaprint.com,Male,Garden
475,Noelle,Apperley,napperleyd6@foxnews.com,Female,Baby
476,Cammie,Busch,cbuschd7@facebook.com,Female,Kids
477,Lotte,Wearn,lwearnd8@studiopress.com,Non-binary,Sports
478,Katerine,Holstein,kholsteind9@google.cn,Female,Garden
479,Tatiania,Kinge,tkingeda@google.com.au,Female,Home
480,Stanton,Spring,sspringdb@berkeley.edu,Male,Electronics
481,Angil,Selesnick,aselesnickdc@woothemes.com,Female,Garden
482,Aylmer,Burnyeat,aburnyeatdd@toplist.cz,Male,Games
483,Steven,Wombwell,swombwellde@go.com,Male,Kids
484,Giselbert,Gilkison,ggilkisondf@google.es,Male,Health
485,Gifford,Hark,gharkdg@buzzfeed.com,Male,Grocery
486,Rea,Tomet,rtometdh@wiley.com,Female,Sports
487,Maurie,Mariolle,mmariolledi@cocolog-nifty.com,Male,Kids
488,Romonda,Moran,rmorandj@multiply.com,Female,Baby
489,Gar,Henighan,ghenighandk@freewebs.com,Male,Movies
490,Rudolfo,Steffens,rsteffensdl@imgur.com,Male,Kids
491,Bill,Shalloo,bshalloodm@ifeng.com,Female,Movies
492,Judi,Over,joverdn@infoseek.co.jp,Female,Automotive
493,Kizzee,Merrell,kmerrelldo@elpais.com,Female,Sports
494,Lucias,Dossett,ldossettdp@salon.com,Male,Clothing
495,Caspar,Cadlock,ccadlockdq@studiopress.com,Male,Sports
496,Baillie,Oxbrough,boxbroughdr@jimdo.com,Male,Books
497,Maxie,Lambird,mlambirdds@springer.com,Female,Health
498,Roana,Connichie,rconnichiedt@upenn.edu,Female,Garden
499,Herbert,Paskins,hpaskinsdu@soundcloud.com,Male,Tools
500,Tomas,Tooher,ttooherdv@furl.net,Male,Sports
501,Sayre,Kinforth,skinforthdw@seesaa.net,Female,Beauty
502,Karita,Daines,kdainesdx@booking.com,Female,Beauty
503,Woodrow,Dunkerley,wdunkerleydy@slashdot.org,Male,Games
504,Gilberto,Gower,ggowerdz@deviantart.com,Male,Tools
505,Amelita,Biddles,abiddlese0@163.com,Female,Toys
506,Abbott,Domenicone,adomeniconee1@bbc.co.uk,Male,Beauty
507,Claretta,Walas,cwalase2@europa.eu,Female,Grocery
508,Yolanthe,Richardson,yrichardsone3@creativecommons.org,Female,Movies
509,Erinn,Kalinsky,ekalinskye4@umn.edu,Female,Games
510,Bartram,Schimmang,bschimmange5@census.gov,Male,Music
511,Natka,Adolf,nadolfe6@1und1.de,Female,Tools
512,Madelon,Larkins,mlarkinse7@microsoft.com,Female,Garden
513,Natalie,Dunbobbin,ndunbobbine8@yandex.ru,Female,Toys
514,Elladine,Lowder,elowdere9@jiathis.com,Agender,Clothing
515,Lorrie,Ciccarelli,lciccarelliea@barnesandnoble.com,Male,Health
516,Karin,Dongate,kdongateeb@cafepress.com,Female,Tools
517,Lorens,Petrecz,lpetreczec@mashable.com,Agender,Jewelry
518,Justino,Soreau,jsoreaued@wikispaces.com,Male,Industrial
519,Georges,Bachelar,gbachelaree@digg.com,Male,Movies
520,Annice,Jacobbe,ajacobbeef@hugedomains.com,Female,Health
521,Marcelline,Grinston,mgrinstoneg@yellowbook.com,Female,Toys
522,Reamonn,Padberry,rpadberryeh@google.nl,Male,Toys
523,Che,Fadian,cfadianei@abc.net.au,Genderqueer,Outdoors
524,Pietra,Schankelborg,pschankelborgej@miibeian.gov.cn,Female,Baby
525,Jessica,Haith,jhaithek@mlb.com,Female,Electronics
526,Maddie,Minghi,mminghiel@ovh.net,Male,Computers
527,Arabel,Bountiff,abountiffem@china.com.cn,Female,Games
528,Saraann,Danilovitch,sdanilovitchen@google.cn,Female,Garden
529,Bryn,Halmkin,bhalmkineo@networksolutions.com,Male,Outdoors
530,Cayla,Swyer,cswyerep@surveymonkey.com,Female,Computers
531,Stanleigh,Abrashkov,sabrashkoveq@parallels.com,Male,Games
532,Yoshi,Hourston,yhourstoner@time.com,Female,Computers
533,Anetta,Burfoot,aburfootes@auda.org.au,Female,Movies
534,Dominga,Woolam,dwoolamet@engadget.com,Female,Grocery
535,Tally,Pavlik,tpavlikeu@nsw.gov.au,Female,Health
536,Bjorn,Van Hault,bvanhaultev@ehow.com,Bigender,Books
537,Rudy,Ceney,rceneyew@domainmarket.com,Male,Kids
538,Jacquelynn,Pleace,jpleaceex@theglobeandmail.com,Bigender,Home
539,Toddy,Cumes,tcumesey@deviantart.com,Male,Automotive
540,Lance,Eckley,leckleyez@gizmodo.com,Male,Kids
541,Alina,Longhorne,alonghornef0@yellowpages.com,Non-binary,Automotive
542,Lenka,Burgwyn,lburgwynf1@weather.com,Female,Books
543,Tallia,Gregs,tgregsf2@google.com,Female,Outdoors
544,Franky,Chimienti,fchimientif3@upenn.edu,Male,Tools
545,Nancee,Ruckledge,nruckledgef4@rediff.com,Female,Automotive
546,Louie,Charnick,lcharnickf5@timesonline.co.uk,Male,Clothing
547,Arthur,Cron,acronf6@mozilla.org,Male,Kids
548,Kleon,Spriddle,kspriddlef7@mapquest.com,Male,Jewelry
549,Zared,Poor,zpoorf8@cornell.edu,Male,Industrial
550,Rosalia,Endle,rendlef9@themeforest.net,Female,Outdoors
551,Nettle,Miguet,nmiguetfa@theguardian.com,Female,Grocery
552,Tedmund,Bewley,tbewleyfb@printfriendly.com,Male,Health
553,Vin,Zute,vzutefc@moonfruit.com,Male,Books
554,Waverley,Royds,wroydsfd@instagram.com,Male,Beauty
555,Angelle,McArdle,amcardlefe@wp.com,Polygender,Toys
556,Bartholomew,Risdale,brisdaleff@apple.com,Male,Home
557,Annmarie,Begley,abegleyfg@prlog.org,Female,Games
558,Darryl,Alders,daldersfh@pen.io,Female,Clothing
559,Elane,Shepeard,eshepeardfi@opensource.org,Female,Health
560,Delmore,Baumler,dbaumlerfj@weibo.com,Male,Grocery
561,Conrade,Brekonridge,cbrekonridgefk@answers.com,Male,Jewelry
562,Ram,Mickleburgh,rmickleburghfl@indiegogo.com,Male,Electronics
563,Moe,Bakey,mbakeyfm@spotify.com,Male,Sports
564,Euell,Pinilla,epinillafn@ask.com,Male,Games
565,Ettie,Busen,ebusenfo@columbia.edu,Female,Health
566,Haily,Agg,haggfp@surveymonkey.com,Female,Shoes
567,Fee,Cruwys,fcruwysfq@bing.com,Male,Games
568,Virge,Luigi,vluigifr@flickr.com,Male,Baby
569,Daniele,Easdon,deasdonfs@loc.gov,Polygender,Health
570,Tirrell,Wreak,twreakft@gnu.org,Genderfluid,Sports
571,Lorilyn,Tatershall,ltatershallfu@yellowpages.com,Female,Music
572,Ingemar,Crosswaite,icrosswaitefv@mac.com,Male,Baby
573,Paten,Holworth,pholworthfw@reddit.com,Male,Kids
574,Seka,Bareham,sbarehamfx@omniture.com,Female,Outdoors
575,Betty,Finnis,bfinnisfy@zimbio.com,Female,Health
576,Devonna,Boswell,dboswellfz@gizmodo.com,Female,Sports
577,Aldo,Glidder,aglidderg0@walmart.com,Male,Garden
578,Grissel,Orrobin,gorrobing1@loc.gov,Female,Home
579,Arlie,Garvin,agarving2@imageshack.us,Female,Books
580,Lazaro,Mangeon,lmangeong3@wikimedia.org,Male,Toys
581,Adi,Fryett,afryettg4@craigslist.org,Female,Tools
582,Eugene,Warcup,ewarcupg5@mediafire.com,Male,Baby
583,Woodrow,Housley,whousleyg6@admin.ch,Male,Computers
584,Laurene,Fellgate,lfellgateg7@wikimedia.org,Female,Clothing
585,Arnuad,Lawdham,alawdhamg8@google.nl,Male,Books
586,Portia,Sisneros,psisnerosg9@constantcontact.com,Female,Home
587,Shurlocke,Odda,soddaga@naver.com,Male,Tools
588,Julian,Jolly,jjollygb@parallels.com,Male,Grocery
589,Katalin,Janson,kjansongc@usda.gov,Female,Movies
590,Wallis,Isles,wislesgd@icio.us,Male,Health
591,Zonnya,Snelgar,zsnelgarge@creativecommons.org,Female,Shoes
592,Bryanty,Bertin,bbertingf@webnode.com,Male,Toys
593,Ashleigh,Shurville,ashurvillegg@a8.net,Female,Jewelry
594,Virginie,Twidle,vtwidlegh@howstuffworks.com,Female,Grocery
595,Reynold,Urpeth,rurpethgi@accuweather.com,Male,Home
596,Fredek,Troctor,ftroctorgj@usa.gov,Male,Tools
597,Cristina,Jennison,cjennisongk@earthlink.net,Female,Movies
598,Tanitansy,Gilvary,tgilvarygl@merriam-webster.com,Female,Garden
599,Barny,Shorthill,bshorthillgm@marriott.com,Male,Home
600,Shadow,McMillan,smcmillangn@hostgator.com,Male,Sports
601,Ellie,Satterly,esatterlygo@free.fr,Female,Garden
602,Neysa,Horlock,nhorlockgp@bbb.org,Female,Home
603,Lemmie,MacGowing,lmacgowinggq@tinypic.com,Genderfluid,Garden
604,Filberte,Goldie,fgoldiegr@biblegateway.com,Male,Sports
605,Dannie,Mayberry,dmayberrygs@japanpost.jp,Male,Kids
606,Ives,Pauncefort,ipauncefortgt@youtube.com,Male,Outdoors
607,Alistair,Dedman,adedmangu@ihg.com,Male,Shoes
608,Hermia,Blackston,hblackstongv@bing.com,Female,Sports
609,Eveleen,Faithorn,efaithorngw@cornell.edu,Female,Garden
610,Albert,Reihill,areihillgx@jigsy.com,Male,Computers
611,Winnifred,Gittus,wgittusgy@dell.com,Polygender,Movies
612,Elsinore,Julian,ejuliangz@amazon.co.uk,Female,Beauty
613,Jeanna,Crayton,jcraytonh0@mail.ru,Genderqueer,Music
614,Salomone,Vispo,svispoh1@pcworld.com,Male,Garden
615,Walsh,Chipps,wchippsh2@bloomberg.com,Male,Health
616,Albert,Ayton,aaytonh3@usgs.gov,Male,Sports
617,Bari,Dignall,bdignallh4@blogs.com,Female,Tools
618,Grantley,McGeady,gmcgeadyh5@g.co,Male,Grocery
619,Marcello,Abby,mabbyh6@amazon.de,Male,Automotive
620,Norine,Shubotham,nshubothamh7@w3.org,Female,Garden
621,Meara,Rayne,mrayneh8@nationalgeographic.com,Female,Shoes
622,Davide,Millberg,dmillbergh9@sitemeter.com,Male,Toys
623,Ardyce,Hazelgreave,ahazelgreaveha@boston.com,Genderqueer,Industrial
624,Katherine,Pulman,kpulmanhb@java.com,Female,Toys
625,Reginauld,MacKintosh,rmackintoshhc@topsy.com,Male,Computers
626,Tiff,Blaza,tblazahd@indiegogo.com,Female,Games
627,Carter,Millett,cmilletthe@ebay.com,Male,Tools
628,Lucille,Dossit,ldossithf@chronoengine.com,Female,Electronics
629,Dwayne,Patriskson,dpatrisksonhg@cnet.com,Male,Health
630,Carma,Dautry,cdautryhh@livejournal.com,Female,Toys
631,Renault,Cometti,rcomettihi@geocities.jp,Male,Games
632,Debi,Hasard,dhasardhj@list-manage.com,Female,Sports
633,Alonzo,Yeld,ayeldhk@jimdo.com,Male,Toys
634,Luciana,Gornall,lgornallhl@cdbaby.com,Female,Automotive
635,Honoria,Saurin,hsaurinhm@bbc.co.uk,Female,Tools
636,Hyacinth,Brewins,hbrewinshn@joomla.org,Female,Games
637,Cullin,Clohessy,cclohessyho@google.com.hk,Male,Toys
638,Gabe,Cankett,gcanketthp@icio.us,Male,Home
639,Windham,Ingree,wingreehq@artisteer.com,Bigender,Electronics
640,Vern,Hambric,vhambrichr@independent.co.uk,Male,Beauty
641,Reade,Toghill,rtoghillhs@gnu.org,Male,Tools
642,Percy,Lufkin,plufkinht@sitemeter.com,Male,Tools
643,Gregg,Dhennin,gdhenninhu@wiley.com,Male,Garden
644,Alfie,Boorn,aboornhv@angelfire.com,Male,Outdoors
645,Ahmad,Jenken,ajenkenhw@opensource.org,Male,Tools
646,Cletus,Handasyde,chandasydehx@wunderground.com,Male,Jewelry
647,Tessie,Gredden,tgreddenhy@istockphoto.com,Female,Computers
648,Elie,Gluyas,egluyashz@wunderground.com,Female,Games
649,Marwin,Phant,mphanti0@wikimedia.org,Male,Music
650,Lola,Beames,lbeamesi1@hc360.com,Female,Baby
651,Trev,Collyear,tcollyeari2@pinterest.com,Male,Industrial
652,Mei,Nason,mnasoni3@dailymotion.com,Polygender,Jewelry
653,Ronalda,Keveren,rkevereni4@google.com.br,Female,Shoes
654,Eduard,Forth,eforthi5@washingtonpost.com,Male,Tools
655,Aubrette,Abreheart,aabrehearti6@cyberchimps.com,Female,Beauty
656,Gavin,Jindrich,gjindrichi7@tamu.edu,Male,Computers
657,Emmy,Munehay,emunehayi8@imageshack.us,Male,Kids
658,Agnella,Barbier,abarbieri9@house.gov,Female,Baby
659,Nola,Fliege,nfliegeia@sakura.ne.jp,Female,Music
660,Tara,Wincom,twincomib@squidoo.com,Female,Automotive
661,Sauncho,Coils,scoilsic@plala.or.jp,Male,Tools
662,Elizabeth,Danaher,edanaherid@unesco.org,Female,Books
663,Jamey,Ivakhno,jivakhnoie@wikimedia.org,Male,Garden
664,Ferd,Cudiff,fcudiffif@mozilla.com,Male,Music
665,Alwyn,Christofle,achristofleig@hhs.gov,Male,Computers
666,Kalle,Pallis,kpallisih@jiathis.com,Male,Home
667,Kin,Greathead,kgreatheadii@dion.ne.jp,Male,Movies
668,Goraud,Dulanty,gdulantyij@auda.org.au,Male,Home
669,Linda,Georgi,lgeorgiik@house.gov,Female,Computers
670,Kippie,Wylam,kwylamil@unesco.org,Male,Industrial
671,Ranee,Loyd,rloydim@reuters.com,Genderfluid,Grocery
672,Spencer,Yesipov,syesipovin@walmart.com,Male,Computers
673,Gottfried,Barti,gbartiio@opera.com,Male,Home
674,Vannie,Maryska,vmaryskaip@google.cn,Female,Clothing
675,Osborn,Paradyce,oparadyceiq@who.int,Male,Music
676,Reggy,Arnli,rarnliir@angelfire.com,Male,Clothing
677,Fran,Riccione,friccioneis@ezinearticles.com,Female,Grocery
678,Dorthea,Bevens,dbevensit@dyndns.org,Female,Automotive
679,Elmer,Lanbertoni,elanbertoniiu@wikimedia.org,Male,Movies
680,Hollis,Legister,hlegisteriv@bbc.co.uk,Male,Toys
681,Bartholemy,Collin,bcolliniw@jalbum.net,Bigender,Beauty
682,George,Muffitt,gmuffittix@de.vu,Genderfluid,Home
683,Cathlene,Chesterfield,cchesterfieldiy@about.com,Female,Music
684,Ravid,Miroy,rmiroyiz@china.com.cn,Male,Clothing
685,Fulton,Bleythin,fbleythinj0@huffingtonpost.com,Non-binary,Outdoors
686,Sibel,Derrington,sderringtonj1@infoseek.co.jp,Female,Music
687,Ewell,Monson,emonsonj2@multiply.com,Male,Movies
688,Madonna,Elsey,melseyj3@jimdo.com,Female,Health
689,Mead,Kitchingman,mkitchingmanj4@unblog.fr,Non-binary,Jewelry
690,Sybille,Handke,shandkej5@geocities.jp,Female,Toys
691,Elfrida,Gilfillan,egilfillanj6@cnbc.com,Female,Movies
692,Fenelia,Stolworthy,fstolworthyj7@pagesperso-orange.fr,Female,Outdoors
693,Chicky,Ranald,cranaldj8@ucla.edu,Female,Beauty
694,Luz,Corbin,lcorbinj9@mit.edu,Female,Home
695,Kaleena,Scriviner,kscrivinerja@privacy.gov.au,Female,Baby
696,Moise,Gillino,mgillinojb@bloglovin.com,Male,Music
697,Sapphira,Wiburn,swiburnjc@live.com,Female,Clothing
698,Walther,McCobb,wmccobbjd@slashdot.org,Male,Tools
699,Dore,Earthfield,dearthfieldje@a8.net,Male,Baby
700,Prescott,Cay,pcayjf@amazon.de,Male,Clothing
701,Beverlie,Evenett,bevenettjg@dailymail.co.uk,Female,Garden
702,Burty,Craze,bcrazejh@mapquest.com,Male,Electronics
703,Hayyim,Brandolini,hbrandoliniji@salon.com,Male,Industrial
704,Peg,Brandrick,pbrandrickjj@house.gov,Female,Tools
705,Bobette,Boanas,bboanasjk@vistaprint.com,Female,Computers
706,Fairleigh,Phipp,fphippjl@paginegialle.it,Male,Garden
707,Dorotea,Stouther,dstoutherjm@patch.com,Female,Health
708,Joyous,Phethean,jphetheanjn@narod.ru,Female,Books
709,Nessie,Lincey,nlinceyjo@amazon.co.uk,Female,Grocery
710,Adolphus,Commusso,acommussojp@youku.com,Male,Health
711,Danya,Fetters,dfettersjq@ucoz.ru,Male,Industrial
712,Bord,Gentner,bgentnerjr@tinyurl.com,Male,Outdoors
713,Ailbert,Raddish,araddishjs@hubpages.com,Male,Games
714,Samantha,Johnes,sjohnesjt@so-net.ne.jp,Female,Kids
715,Mellisent,Tredget,mtredgetju@odnoklassniki.ru,Female,Computers
716,Ermin,Dooman,edoomanjv@newsvine.com,Male,Games
717,Hart,Stroyan,hstroyanjw@redcross.org,Genderfluid,Music
718,Cort,Denk,cdenkjx@time.com,Male,Books
719,Kaitlyn,Jirasek,kjirasekjy@miitbeian.gov.cn,Female,Sports
720,Theda,Cavy,tcavyjz@sfgate.com,Bigender,Computers
721,Evvie,Bonin,ebonink0@answers.com,Female,Baby
722,Cullie,Churm,cchurmk1@newyorker.com,Male,Books
723,Merissa,Dunseath,mdunseathk2@wsj.com,Female,Books
724,Ferd,Imlach,fimlachk3@wiley.com,Male,Sports
725,Yoshi,Jull,yjullk4@webmd.com,Female,Grocery
726,Pepillo,Life,plifek5@ifeng.com,Male,Beauty
727,Carie,Cowling,ccowlingk6@europa.eu,Female,Shoes
728,Leroy,Worgan,lworgank7@studiopress.com,Male,Games
729,Celestyna,Kerwick,ckerwickk8@ning.com,Female,Baby
730,Alisander,Briat,abriatk9@bloglovin.com,Male,Grocery
731,Richy,MacAscaidh,rmacascaidhka@xing.com,Male,Health
732,Miquela,Hails,mhailskb@blogtalkradio.com,Female,Health
733,Nikola,Odd,noddkc@slashdot.org,Male,Health
734,Tabbie,Dowdle,tdowdlekd@zdnet.com,Bigender,Movies
735,Eli,Boullin,eboullinke@umich.edu,Bigender,Music
736,Noll,Shitliffe,nshitliffekf@un.org,Male,Automotive
737,Caryn,Gosnell,cgosnellkg@amazon.co.uk,Female,Grocery
738,Curtice,Angelo,cangelokh@youtu.be,Male,Health
739,Pollyanna,Penton,ppentonki@simplemachines.org,Female,Books
740,Clovis,Dayer,cdayerkj@time.com,Female,Games
741,Patrizio,Flintiff,pflintiffkk@moonfruit.com,Male,Home
742,Andres,Hollidge,ahollidgekl@wikia.com,Male,Health
743,Holly,How to preserve,hhowtopreservekm@soup.io,Male,Sports
744,Hedy,Lye,hlyekn@storify.com,Female,Automotive
745,Gloriane,Jelfs,gjelfsko@weebly.com,Female,Grocery
746,Eadith,Greenway,egreenwaykp@latimes.com,Female,Outdoors
747,Valli,Mostin,vmostinkq@apache.org,Female,Home
748,Lucie,Olford,lolfordkr@miibeian.gov.cn,Female,Outdoors
749,Dita,Cords,dcordsks@godaddy.com,Non-binary,Tools
750,Lilias,Bulward,lbulwardkt@wikipedia.org,Non-binary,Toys
751,Lexis,Learoyd,llearoydku@mit.edu,Female,Games
752,Merilyn,Dottridge,mdottridgekv@unesco.org,Polygender,Toys
753,Lissi,Boulder,lboulderkw@rediff.com,Female,Tools
754,Emmalee,De Hooch,edehoochkx@ucoz.ru,Female,Industrial
755,Gena,Simoncini,gsimonciniky@creativecommons.org,Female,Outdoors
756,Janos,Smeed,jsmeedkz@va.gov,Male,Tools
757,Ellsworth,Hacker,ehackerl0@typepad.com,Male,Music
758,Jephthah,Venn,jvennl1@chron.com,Male,Beauty
759,Kessia,Wysome,kwysomel2@lulu.com,Female,Tools
760,Markus,Mechell,mmechelll3@bbc.co.uk,Male,Clothing
761,Tracy,McMichell,tmcmichelll4@sbwire.com,Male,Movies
762,Carol-jean,Pasterfield,cpasterfieldl5@blinklist.com,Female,Tools
763,Early,Orth,eorthl6@dedecms.com,Male,Home
764,Morissa,Bellwood,mbellwoodl7@live.com,Female,Jewelry
765,Karie,Lynett,klynettl8@irs.gov,Female,Computers
766,Ashley,Tighe,atighel9@yelp.com,Female,Automotive
767,Joelly,Boissier,jboissierla@home.pl,Female,Beauty
768,Wilek,Clemon,wclemonlb@behance.net,Non-binary,Home
769,Renata,Dickey,rdickeylc@sphinn.com,Female,Beauty
770,Mirilla,Portail,mportailld@telegraph.co.uk,Genderqueer,Outdoors
771,Niko,Petheridge,npetheridgele@aboutads.info,Male,Baby
772,Locke,Ashplant,lashplantlf@elpais.com,Male,Electronics
773,Alanah,Elstow,aelstowlg@boston.com,Female,Kids
774,Fiona,Burgwyn,fburgwynlh@wikipedia.org,Female,Kids
775,Susette,Gatland,sgatlandli@ow.ly,Female,Tools
776,Tori,Grut,tgrutlj@cbsnews.com,Female,Grocery
777,Pinchas,Matzke,pmatzkelk@samsung.com,Male,Garden
778,Janot,Keaysell,jkeaysellll@so-net.ne.jp,Female,Grocery
779,Meade,Epilet,mepiletlm@cafepress.com,Male,Clothing
780,Gilberta,Allmond,gallmondln@comsenz.com,Bigender,Automotive
781,Clarabelle,Derill,cderilllo@1688.com,Female,Movies
782,Salvidor,Flight,sflightlp@bbc.co.uk,Male,Industrial
783,Montague,Pargeter,mpargeterlq@seattletimes.com,Male,Movies
784,Fernanda,Tokley,ftokleylr@yolasite.com,Female,Books
785,Phoebe,Klimp,pklimpls@dell.com,Female,Industrial
786,Ewart,Kinnier,ekinnierlt@prweb.com,Male,Outdoors
787,Artemas,Wolseley,awolseleylu@about.com,Male,Computers
788,Thaxter,Lefley,tlefleylv@jigsy.com,Male,Movies
789,Nealy,Duferie,nduferielw@joomla.org,Male,Home
790,Helenelizabeth,Riccardini,hriccardinilx@bloglovin.com,Female,Industrial
791,Gilles,Coo,gcooly@gizmodo.com,Male,Books
792,Ogdan,Hurd,ohurdlz@google.cn,Male,Garden
793,Gustave,Lewerenz,glewerenzm0@nsw.gov.au,Non-binary,Music
794,Berte,Gelling,bgellingm1@java.com,Female,Automotive
795,Ax,Sill,asillm2@myspace.com,Male,Industrial
796,Keene,Ballinger,kballingerm3@omniture.com,Non-binary,Outdoors
797,Lucienne,Kynge,lkyngem4@ocn.ne.jp,Female,Games
798,Adler,Ewert,aewertm5@cbc.ca,Polygender,Electronics
799,Torrey,Kittel,tkittelm6@google.pl,Male,Grocery
800,Emalee,Goudie,egoudiem7@engadget.com,Female,Electronics
801,Sharleen,Mabone,smabonem8@aboutads.info,Female,Health
802,Waldon,Klimentyev,wklimentyevm9@studiopress.com,Male,Kids
803,Clementina,Dismore,cdismorema@harvard.edu,Female,Books
804,Gualterio,Prantoni,gprantonimb@ebay.co.uk,Male,Games
805,Jody,Culter,jcultermc@linkedin.com,Female,Outdoors
806,Stefa,Dack,sdackmd@nps.gov,Female,Automotive
807,Gaylene,Conelly,gconellyme@gravatar.com,Female,Tools
808,Jeramie,Abbet,jabbetmf@joomla.org,Male,Tools
809,Sawyere,Yantsev,syantsevmg@arizona.edu,Male,Electronics
810,Alys,Conrart,aconrartmh@discuz.net,Bigender,Electronics
811,Guinevere,Scarman,gscarmanmi@jiathis.com,Polygender,Tools
812,Teodoor,Gleeson,tgleesonmj@unesco.org,Male,Home
813,Nichols,McGoogan,nmcgooganmk@springer.com,Male,Music
814,Byrom,Echallier,bechallierml@usnews.com,Male,Kids
815,Gertie,Pilipets,gpilipetsmm@sitemeter.com,Female,Home
816,Ozzie,Lowdiane,olowdianemn@geocities.com,Male,Garden
817,Lilas,Ledger,lledgermo@apple.com,Female,Kids
818,Jules,Yukhnin,jyukhninmp@mlb.com,Male,Automotive
819,Bill,Matusov,bmatusovmq@wikimedia.org,Male,Computers
820,Jami,Hallan,jhallanmr@adobe.com,Female,Music
821,Bartolomeo,Covely,bcovelyms@github.io,Male,Kids
822,Dottie,Steels,dsteelsmt@seattletimes.com,Genderqueer,Jewelry
823,Uriah,Speares,uspearesmu@sina.com.cn,Male,Toys
824,Drucy,Kinnie,dkinniemv@nps.gov,Female,Kids
825,Romona,Corbert,rcorbertmw@youtube.com,Female,Electronics
826,Corilla,Middup,cmiddupmx@cdbaby.com,Female,Garden
827,Billie,Brailey,bbraileymy@barnesandnoble.com,Male,Grocery
828,Aarika,Ludman,aludmanmz@hostgator.com,Genderqueer,Jewelry
829,Annice,Mussen,amussenn0@theatlantic.com,Female,Health
830,Zelda,Baudains,zbaudainsn1@deviantart.com,Female,Toys
831,Gloria,Crix,gcrixn2@amazon.com,Female,Movies
832,Ansel,Hayesman,ahayesmann3@over-blog.com,Male,Outdoors
833,Elisha,Legge,eleggen4@google.fr,Female,Games
834,Gradey,Blackah,gblackahn5@youku.com,Male,Home
835,Ethelin,Heddy,eheddyn6@pcworld.com,Female,Health
836,Felizio,Buttwell,fbuttwelln7@xing.com,Male,Shoes
837,Leoine,Danzig,ldanzign8@skype.com,Female,Kids
838,Merilee,Lord,mlordn9@blogtalkradio.com,Female,Tools
839,Ashbey,McDaid,amcdaidna@craigslist.org,Male,Music
840,Chrystel,Summerskill,csummerskillnb@bloglovin.com,Female,Movies
841,Amber,Dyer,adyernc@de.vu,Polygender,Shoes
842,Camellia,Clotworthy,cclotworthynd@purevolume.com,Female,Computers
843,Mic,Moulding,mmouldingne@yahoo.co.jp,Genderfluid,Sports
844,Aarika,Wilce,awilcenf@1688.com,Female,Baby
845,Katey,Mosdill,kmosdillng@booking.com,Bigender,Grocery
846,Emmit,Reddihough,ereddihoughnh@ft.com,Genderfluid,Beauty
847,Morie,Sinisbury,msinisburyni@about.com,Male,Clothing
848,Maynard,McLugish,mmclugishnj@hc360.com,Male,Clothing
849,Etienne,Whebell,ewhebellnk@linkedin.com,Male,Toys
850,Jackquelin,Coda,jcodanl@eepurl.com,Female,Industrial
851,Verla,Brockie,vbrockienm@tiny.cc,Female,Jewelry
852,Reggis,McKechnie,rmckechnienn@github.com,Male,Kids
853,Basil,Rankling,branklingno@yahoo.com,Male,Books
854,Emlyn,Lamburne,elamburnenp@theguardian.com,Female,Movies
855,Lothario,Titherington,ltitheringtonnq@alibaba.com,Male,Clothing
856,Dagmar,Groome,dgroomenr@oakley.com,Female,Outdoors
857,Forester,Christaeas,fchristaeasns@symantec.com,Male,Toys
858,Trevar,Zylberdik,tzylberdiknt@elegantthemes.com,Male,Outdoors
859,Heloise,Burles,hburlesnu@creativecommons.org,Female,Shoes
860,Camel,McNair,cmcnairnv@bloomberg.com,Female,Sports
861,Burr,Carass,bcarassnw@nymag.com,Male,Movies
862,Duff,Fannin,dfanninnx@yahoo.com,Male,Jewelry
863,Emmalee,Whiterod,ewhiterodny@issuu.com,Female,Jewelry
864,Kandy,Roggero,kroggeronz@linkedin.com,Female,Sports
865,Lionello,Havick,lhavicko0@wsj.com,Male,Movies
866,Gladi,Hand,ghando1@squidoo.com,Female,Computers
867,Celinda,Syfax,csyfaxo2@posterous.com,Female,Jewelry
868,Dela,Wegenen,dwegeneno3@thetimes.co.uk,Female,Computers
869,Davidde,Ashbe,dashbeo4@blinklist.com,Male,Health
870,Miriam,Panton,mpantono5@cbsnews.com,Female,Automotive
871,Nikki,Loeber,nloebero6@simplemachines.org,Female,Industrial
872,Yancy,O' Donohoe,yodonohoeo7@kickstarter.com,Male,Grocery
873,Tally,Chisholme,tchisholmeo8@google.co.jp,Female,Music
874,Cherin,Reinert,creinerto9@wikimedia.org,Female,Garden
875,Gertrud,Syson,gsysonoa@aboutads.info,Non-binary,Music
876,Nissy,Learmonth,nlearmonthob@mac.com,Female,Books
877,Brose,Laroux,blarouxoc@paginegialle.it,Male,Electronics
878,Agnella,Evanson,aevansonod@alibaba.com,Female,Baby
879,Alfredo,Marriage,amarriageoe@gizmodo.com,Male,Health
880,Cathyleen,Docharty,cdochartyof@blog.com,Female,Industrial
881,Joelie,Cramp,jcrampog@ca.gov,Female,Grocery
882,Sammy,Daniaud,sdaniaudoh@businesswire.com,Female,Music
883,Naoma,Tremblay,ntremblayoi@bbc.co.uk,Female,Automotive
884,Eleanora,McGraffin,emcgraffinoj@sfgate.com,Female,Movies
885,Winthrop,Corris,wcorrisok@facebook.com,Agender,Shoes
886,Ernst,Izhaky,eizhakyol@wordpress.org,Male,Tools
887,Gerek,Littley,glittleyom@t-online.de,Male,Games
888,Cacilia,Splevings,csplevingson@exblog.jp,Female,Music
889,Charmane,Ogelbe,cogelbeoo@netvibes.com,Female,Music
890,Free,Hodges,fhodgesop@admin.ch,Male,Garden
891,Lindy,Ploughwright,lploughwrightoq@mail.ru,Female,Tools
892,Arly,Copplestone,acopplestoneor@latimes.com,Female,Outdoors
893,Joli,Sleight,jsleightos@bluehost.com,Female,Grocery
894,Jazmin,Hewertson,jhewertsonot@elpais.com,Female,Movies
895,Barbabas,Winfield,bwinfieldou@go.com,Male,Shoes
896,Lea,Maseyk,lmaseykov@webmd.com,Female,Games
897,Sigismondo,Algate,salgateow@indiegogo.com,Male,Sports
898,Erasmus,Ritson,eritsonox@gravatar.com,Male,Jewelry
899,Lin,Pumfrett,lpumfrettoy@google.ca,Male,Jewelry
900,Prudi,Kleehuhler,pkleehuhleroz@wunderground.com,Female,Clothing
901,Alejandro,Bilam,abilamp0@timesonline.co.uk,Male,Kids
902,Linn,Athowe,lathowep1@mozilla.com,Male,Books
903,Gweneth,Gohn,ggohnp2@si.edu,Female,Computers
904,Pennie,Josupeit,pjosupeitp3@xing.com,Female,Outdoors
905,Brandy,Valentelli,bvalentellip4@drupal.org,Male,Clothing
906,Doroteya,Scutts,dscuttsp5@surveymonkey.com,Female,Health
907,Lucy,Beyer,lbeyerp6@cafepress.com,Female,Industrial
908,Eadie,Farrant,efarrantp7@latimes.com,Female,Outdoors
909,Clari,MacGee,cmacgeep8@arizona.edu,Female,Music
910,Wylie,Lippo,wlippop9@example.com,Male,Electronics
911,Pryce,Pavel,ppavelpa@dagondesign.com,Male,Automotive
912,Denyse,Edy,dedypb@feedburner.com,Female,Tools
913,Jeffie,Muckart,jmuckartpc@newsvine.com,Male,Electronics
914,Rheba,Evenden,revendenpd@va.gov,Female,Automotive
915,Jessamyn,Gibbons,jgibbonspe@reverbnation.com,Female,Home
916,Alec,Holtham,aholthampf@dion.ne.jp,Male,Jewelry
917,Eadmund,Joiner,ejoinerpg@examiner.com,Male,Beauty
918,Jeddy,Abramovitz,jabramovitzph@google.com.br,Male,Movies
919,Gillie,Canellas,gcanellaspi@netlog.com,Female,Movies
920,Greggory,Japp,gjapppj@mapquest.com,Male,Computers
921,Tonie,Blick,tblickpk@booking.com,Female,Tools
922,Liana,Roycraft,lroycraftpl@nps.gov,Female,Computers
923,Hoyt,Sybbe,hsybbepm@dmoz.org,Male,Music
924,Darryl,Stritton,dstrittonpn@independent.co.uk,Male,Outdoors
925,Oralie,Whether,owhetherpo@omniture.com,Polygender,Shoes
926,Letti,Goldring,lgoldringpp@time.com,Female,Toys
927,Aarika,Grigoroni,agrigoronipq@goo.ne.jp,Female,Sports
928,Warren,Axell,waxellpr@cnet.com,Male,Computers
929,Guillemette,Badrick,gbadrickps@blog.com,Female,Jewelry
930,Worthington,Newrick,wnewrickpt@ow.ly,Male,Automotive
931,Temp,Stronack,tstronackpu@4shared.com,Male,Outdoors
932,Jedd,Davis,jdavispv@tamu.edu,Genderfluid,Kids
933,Faustina,Jellybrand,fjellybrandpw@nih.gov,Female,Computers
934,Mark,Creeboe,mcreeboepx@japanpost.jp,Male,Jewelry
935,Ysabel,Seadon,yseadonpy@dedecms.com,Female,Automotive
936,Elvira,Garm,egarmpz@google.co.uk,Female,Games
937,Mary,Mawdsley,mmawdsleyq0@fema.gov,Female,Outdoors
938,Kari,Stobbe,kstobbeq1@kickstarter.com,Female,Grocery
939,Jacquenette,Giottoi,jgiottoiq2@com.com,Female,Garden
940,Cecil,Nisbet,cnisbetq3@cpanel.net,Male,Beauty
941,Shirline,Dearman,sdearmanq4@diigo.com,Female,Clothing
942,Gustav,Hooban,ghoobanq5@marriott.com,Polygender,Computers
943,Sandi,Lavery,slaveryq6@xrea.com,Female,Sports
944,Debora,Remmer,dremmerq7@newsvine.com,Female,Tools
945,Ronnica,Torri,rtorriq8@goo.gl,Genderqueer,Computers
946,Marleah,Birdsall,mbirdsallq9@dailymotion.com,Female,Electronics
947,Mariann,D'Orsay,mdorsayqa@dailymotion.com,Female,Industrial
948,Dido,Souza,dsouzaqb@digg.com,Female,Computers
949,Rodolph,Crossthwaite,rcrossthwaiteqc@netscape.com,Male,Sports
950,Yolande,Cobbald,ycobbaldqd@squarespace.com,Female,Games
951,Pyotr,Rannigan,pranniganqe@hud.gov,Male,Garden
952,Richart,Flatt,rflattqf@bloglovin.com,Polygender,Baby
953,Pansy,Gors,pgorsqg@utexas.edu,Female,Music
954,Junette,Weddeburn,jweddeburnqh@google.com.au,Female,Health
955,Ricky,Hurche,rhurcheqi@ibm.com,Male,Beauty
956,Row,Scrinage,rscrinageqj@histats.com,Female,Baby
957,Chester,Targett,ctargettqk@moonfruit.com,Male,Beauty
958,Brewer,Robertazzi,brobertazziql@opera.com,Male,Beauty
959,Hogan,Whitta,hwhittaqm@dell.com,Male,Health
960,Tommy,Kohnen,tkohnenqn@usda.gov,Male,Games
961,Noell,McIllrick,nmcillrickqo@yale.edu,Female,Outdoors
962,Lane,Godilington,lgodilingtonqp@de.vu,Male,Grocery
963,Derry,Rolinson,drolinsonqq@usnews.com,Male,Baby
964,Dom,Williams,dwilliamsqr@nasa.gov,Male,Grocery
965,Bryn,Hyde-Chambers,bhydechambersqs@google.nl,Male,Grocery
966,Pierette,Iannello,piannelloqt@chronoengine.com,Female,Clothing
967,Byrom,Klosa,bklosaqu@google.cn,Male,Automotive
968,Joey,Mc Grath,jmcgrathqv@apache.org,Male,Automotive
969,Prentice,Farryan,pfarryanqw@google.pl,Male,Grocery
970,Nissie,Bixley,nbixleyqx@tinypic.com,Female,Tools
971,Zebedee,Leggitt,zleggittqy@pinterest.com,Male,Home
972,Lula,Hanna,lhannaqz@nhs.uk,Female,Garden
973,Doug,Heppenspall,dheppenspallr0@freewebs.com,Male,Jewelry
974,Melita,Crunkhurn,mcrunkhurnr1@sakura.ne.jp,Female,Industrial
975,Randie,Danovich,rdanovichr2@parallels.com,Female,Computers
976,Brooke,Avesque,bavesquer3@deviantart.com,Female,Games
977,Claudia,Duff,cduffr4@smugmug.com,Female,Grocery
978,Francine,Spoor,fspoorr5@oakley.com,Female,Industrial
979,Cedric,Tewkesberrie,ctewkesberrier6@edublogs.org,Genderqueer,Baby
980,Dorette,Ruscoe,druscoer7@prweb.com,Female,Toys
981,Gretal,Antoszewski,gantoszewskir8@tamu.edu,Female,Clothing
982,Megan,Weston,mwestonr9@umn.edu,Female,Clothing
983,Russell,Vogelein,rvogeleinra@hc360.com,Male,Grocery
984,Ashien,Larkworthy,alarkworthyrb@trellian.com,Genderqueer,Jewelry
985,Andrus,Kurt,akurtrc@timesonline.co.uk,Male,Games
986,Harp,Boarder,hboarderrd@oaic.gov.au,Male,Movies
987,Tripp,Tattam,ttattamre@intel.com,Male,Garden
988,Noe,Donovin,ndonovinrf@mysql.com,Male,Industrial
989,Celeste,Trahar,ctraharrg@sfgate.com,Female,Grocery
990,Cherin,Vamplers,cvamplersrh@uol.com.br,Female,Kids
991,Fayth,Larciere,flarciereri@sourceforge.net,Female,Automotive
992,Shaine,Chanter,schanterrj@unc.edu,Female,Health
993,Arvie,McGlashan,amcglashanrk@ca.gov,Male,Shoes
994,Lisette,McCowan,lmccowanrl@liveinternet.ru,Female,Movies
995,Yves,Whittam,ywhittamrm@zimbio.com,Male,Garden
996,Berke,Macauley,bmacauleyrn@nba.com,Male,Automotive
997,Lorrie,McGuane,lmcguanero@google.ca,Male,Movies
998,Meggi,Bartolomieu,mbartolomieurp@tuttocitta.it,Female,Baby
999,Denna,Higbin,dhigbinrq@naver.com,Female,Movies
1000,Christiana,Christophe,cchristopherr@studiopress.com,Female,Games
